{"assets/chart_icon.png":["assets/chart_icon.png"],"assets/crossing.png":["assets/crossing.png"],"assets/drawer_icons/ic_bank.png":["assets/drawer_icons/ic_bank.png"],"assets/drawer_icons/ic_history.png":["assets/drawer_icons/ic_history.png"],"assets/drawer_icons/ic_home.png":["assets/drawer_icons/ic_home.png"],"assets/drawer_icons/ic_logout.png":["assets/drawer_icons/ic_logout.png"],"assets/drawer_icons/ic_padlock.png":["assets/drawer_icons/ic_padlock.png"],"assets/drawer_icons/ic_payment_method.png":["assets/drawer_icons/ic_payment_method.png"],"assets/drawer_icons/ic_rating.png":["assets/drawer_icons/ic_rating.png"],"assets/drawer_icons/ic_rupees.png":["assets/drawer_icons/ic_rupees.png"],"assets/drawer_icons/ic_share.png":["assets/drawer_icons/ic_share.png"],"assets/drawer_icons/icon_wallet.png":["assets/drawer_icons/icon_wallet.png"],"assets/drawer_icons/transfer_icon.png":["assets/drawer_icons/transfer_icon.png"],"assets/drawer_icons/withdraw_icon.png":["assets/drawer_icons/withdraw_icon.png"],"assets/googlepay.png":["assets/googlepay.png"],"assets/logo/logo.png":["assets/logo/logo.png"],"assets/paytm.png":["assets/paytm.png"],"assets/phonepe.png":["assets/phonepe.png"],"assets/qr_code.jpg":["assets/qr_code.jpg"],"assets/upi.png":["assets/upi.png"],"assets/wf.png":["assets/wf.png"],"packages/cupertino_icons/assets/CupertinoIcons.ttf":["packages/cupertino_icons/assets/CupertinoIcons.ttf"],"packages/font_awesome_flutter/lib/fonts/fa-brands-400.ttf":["packages/font_awesome_flutter/lib/fonts/fa-brands-400.ttf"],"packages/font_awesome_flutter/lib/fonts/fa-regular-400.ttf":["packages/font_awesome_flutter/lib/fonts/fa-regular-400.ttf"],"packages/font_awesome_flutter/lib/fonts/fa-solid-900.ttf":["packages/font_awesome_flutter/lib/fonts/fa-solid-900.ttf"]}